,ID #,Species,Bird Height,Foraging Location,Foraging Behavior,Substrate type,Canopy height,% Height in Canopy
1,1,YRWA,1,UB,P,,,
2,2,YRWA,1.5,L,P,,,
3,3,YRWA,1.5,U ,G,,,
4,4,YRWA,1.5,U,G,,,
5,5,YRWA,0.5,U,F,,,
6,6,YRWA,0.1,UB,G,,,
7,7,YRWA,0.2,OB,F,,,
8,8,YRWA,0.2,F ,G,,,
9,9,YRWA,2,OL,G,,,
10,10,YRWA,0.2,OF,G,,,
11,11,NOPA,2.5,OL,G,,,
12,11,NOPA,2.25,,G,,,
13,12,NOPA,2.8,OS,G,,,
14,12,NOPA,3,OL,G,,,
15,14,AMRE,4,OF,G,,,
16,15,AMRE,0.7,,F,,,
17,16,NOPA,2,OL,H,,,
18,16,NOPA,1.5,UF,G,,,
19,16,NOPA,1.75,UL,G,,,
20,17,NOPA,7,OF,G,,,
21,18,YRWA,3,OF,G,,,
22,18,YRWA,1.5,D,G,,,
23,19,AMRE,11,,F,,,
24,20,NOPA,,OL,G,,,
25,21,CMWA,7,OF,G,,,
26,22,YRWA,0,G,H,G,,
27,22,YRWA,3,OL,G,T,,
28,23,NOPA,4,F,F,T,,
29,25,NOPA,11,UL,G,T,,
30,25,NOPA,11,F,H,,,
31,26,CMWA,4,UL,G,B,,
32,26,CMWA,5,UF,G,T,,
33,26,CMWA,3,OL,H,T,,
34,27,NOPA,3.5,UL,G,T,9,0.39
35,27,NOPA,3.5,UL,F,T,9,0.39
36,27,NOPA,3.5,UL,H,T,9,0.39
37,28,CMWA,7,OF,G,T,9,0.78
38,29,NOPA,1.5,UL,G,T,9,0.17
39,29,NOPA,1.5,UL,G,T,9,0.17
40,30,NOPA,9,OL,G,T,9,1.00
41,31,NOPA,9,OL,G,T,16,0.56
42,31,NOPA,7,OF,H,T,16,0.44
43,32,AMRE,9,,,T,16,0.56
44,33,BAWW,4,T,G,S,16,0.25
45,33,BAWW,4,T,G,S,16,0.25
46,34,AMRE,2,,H,T,12,0.17
47,34,AMRE,6,UL,G,T,12,0.50
48,35,PRAW,8,UF,G,T,14,0.57
49,35,PRAW,8,UL,G,T,14,0.57
50,36,NOPA,7,F,S,T,12,0.58
51,36,NOPA,8,UL,G,T,12,0.67
52,36,NOPA,9,UF,G,T,12,0.75
53,36,NOPA,5,OL,G,S,12,0.42
54,36,NOPA,5,UL,G,T,12,0.42
55,37,NOPA,6,OL,H,T,12,0.50
56,37,NOPA,4,OL,G,T,8,0.50
57,38,BBTO,6,OL,F,T,12,0.50
58,39,BBTO,2,F,F,B,12,0.17
59,39,BBTO,4,OL,F,T,12,0.33
60,39,BBTO,4,B,S,T,12,0.33
61,39,BBTO,2,UL,H,T,12,0.17
62,40,NOPA,3,OL,H,T,14,0.21
63,40,NOPA,4,UL,G,T,14,0.29
64,40,NOPA,4,F,S,T,14,0.29
65,40,NOPA,4,OL,H,T,14,0.29
66,41,NOPA,6,OL,G,T,12,0.50
67,41,NOPA,6,OF,G,T,14,0.43
68,42,YRWA,8,F,F,T,12,0.67
69,43,YRWA,10,F,S,T,13,0.77
70,44,CMWA,7,OL,G,T,13,0.54
71,45,NOPA,4,UL,H,T,6,0.67
72,45,NOPA,4,OF,G,T,6,0.67
73,46,PRAW,11,OF,G,T,11,1.00
74,47,YRWA,3,OL,G,T,12,0.25
75,48,NOPA,10,US,G,T,11,0.91
76,49,YRWA,5,F,F,T,11,0.45
77,50,YRWA,4,OL,H,T,11,0.36
78,50,YRWA,4,OB,G,T,11,0.36
79,51,CMWA,13,OF,G,T,13,1.00
80,51,CMWA,13,OL,G,T,13,1.00
81,51,CMWA,13,SW,G,T,13,1.00
82,51,CMWA,13,OS,G,T,13,1.00
83,51,CMWA,11,UF,G,T,13,0.85
84,52,BBTO,4,F,F,S,25,0.16
85,52,BBTO,4,F,F,S,25,0.16
86,53,NOPA,7,OL,G,T,10,0.70
87,53,NOPA,8,OL,G,T,10,0.80
88,53,NOPA,8,OL,F,T,10,0.80
89,53,NOPA,8,UL,G,T,10,0.80
90,53,NOPA,8,,S,T,10,0.80
91,54,CMWA,8,F,G,T,10,0.80
92,54,CMWA,8,,F,T,10,0.80
93,54,CMWA,9,F,G,T,10,0.90
94,55,NOPA,2,OL,G,B,10,0.20
95,56,NOPA,6,OL,G,T,10,0.60
96,56,NOPA,6,UL,G,T,10,0.60
97,57,NOPA,1.2,,S,S,16,0.08
98,57,NOPA,1,UL,G,S,16,0.06
99,59,NOPA,5,,S,D,8,0.63
100,60,NOPA,2,UL,H,S,12,0.17
101,61,NOPA,9,SW,G,T,11,0.82
102,61,NOPA,9,SW,H,T,11,0.82
103,61,NOPA,9,SW,G,T,11,0.82
104,62,AMRE,2,OL,H,S,13,0.15
105,63,NOPA,4,SW,G,T,9,0.44
106,63,NOPA,3,SW,H,T,9,0.33
107,63,NOPA,3,UL,G,T,9,0.33
108,64,AMRE,0.8,UL,H,B,9,0.09
109,65,NOPA,4,OF,G,T,9,0.44
110,66,AMRE,4,F,G,T,11,0.36
111,66,AMRE,4,UL,G,T,11,0.36
112,66,AMRE,4,,H,T,11,0.36
113,67,CMWA,9,OF,G,T,11,0.82
114,68,BAWW,1,T,G,T,12,0.08
115,68,BAWW,1,F,G,T,12,0.08
116,69,BAWW,3,T,G,T,12,0.25
117,70,NOPA,4,F,G,D,12,0.33
118,70,NOPA,4,F,G,D,12,0.33
119,70,NOPA,4,F,H,D,12,0.33
120,71,NOPA,3,SW,G,B,14,0.21
121,71,NOPA,3,UL,G,T,14,0.21
122,71,NOPA,3,OL,H,T,14,0.21
123,71,NOPA,4,UL,G,T,14,0.29
124,72,CMWA,1.5,OL,G,S,,
125,72,CMWA,1.5,OF,G,S,,
126,72,CMWA,1.5,OF,G,S,,
127,72,CMWA,1.5,OF,G,S,,
128,72,CMWA,1.5,OL,G,S,,
129,72,NOPA,2,UL,G,T,10,0.20
130,72,NOPA,2,OL,G,T,10,0.20
131,72,NOPA,4,F,OF,T,14,0.29
132,73,YRWA,0,G,G,G,,
133,74,YRWA,0,G,G,G,,
134,75,AMRE,1.5,F,F,T,9,0.17
135,75,AMRE,2.5,F,F,T,9,0.28
136,76,BBTO,2,F,F,T,9,0.22
137,77,AMRE,2,OL,G,T,9,0.22
138,78,YRWA,3,OL,H,T,9,0.33
139,79,YRWA,0.5,OL,H,B,3,0.17
140,79,YRWA,0.5,OL,H,B,3,0.17
141,80,YRWA,0,G,G,G,3,0.00
142,81,YRWA,1,UL,G,B,3,0.33
143,82,YRWA,1,OL,P,B,3,0.33
144,83,YRWA,0.5,OL,H,B,3,0.17
145,84,YRWA,1,F,S,B,3,0.33
146,84,YRWA,0.5,OL,G,B,3,0.17
147,85,YRWA,2,F,F,B,3,0.67
148,85,YRWA,1.5,T,S,B,3,0.50
149,86,YRWA,1,W,C,B,3,0.33
150,87,NOPA,0.5,OL,G,B,3,0.17
151,88,YRWA,1,UF,G,B,3,0.33
152,89,YRWA,0,G,,G,,
153,89,YRWA,0.5,OF,G,,,
154,90,PRAW,0.5,G,G,B,10,0.05
155,90,PRAW,0.5,UL,G,B,10,0.05
156,90,PRAW,0.5,OF,G,B,10,0.05
157,90,PRAW,0.5,UL,G,B,10,0.05
158,91,YRWA,0.5,UL,H,GC,11,0.05
159,91,YRWA,0,OF,G,GC,11,0.00
160,91,YRWA,0.5,OL,G,GC,11,0.05
161,92,PRAW,6,OL,H,T,11,0.55
162,92,PRAW,6,F,F,T,11,0.55
163,92,PRAW,6,OL,H,T,11,0.55
164,92,PRAW,6,OL,H,T,11,0.55
165,92,PRAW,6,OF,G,T,11,0.55
166,92,PRAW,5,OL,H,T,11,0.45
167,92,PRAW,5,F,F,T,11,0.45
168,93,PRAW,0.3,UL,G,B,10,0.03
169,93,PRAW,0.3,F,F,B,10,0.03
170,93,PRAW,0.3,F,F,B,10,0.03
171,93,PRAW,0.1,F,F,B,10,0.01
172,93,PRAW,0.1,F,S,B,10,0.01
173,94,AMRE,2,OF,G,T,10,0.20
174,95,CMWA,7,UL,G,T,14,0.50
175,95,CMWA,7,OL,G,T,14,0.50
176,95,CMWA,7,OF,G,T,14,0.50
177,96,CMWA,7,OL,G,T,14,0.50
178,96,CMWA,7,OF,G,T,14,0.50
179,97,CMWA,10,UL,G,T,15,0.67
180,97,CMWA,10,F,G,T,15,0.67
181,97,CMWA,10,UL,G,T,15,0.67
182,97,CMWA,10,OL,G,T,15,0.67
183,97,CMWA,10,OL,G,T,15,0.67
184,97,CMWA,10,UL,G,T,15,0.67
185,97,CMWA,10,F,G,T,15,0.67
186,97,CMWA,10,UL,G,T,15,0.67
187,98,PAWA,0,G,G,G,,
188,98,PAWA,6,OL,G,T,7,0.86
189,98,PAWA,6,OL,H,T,7,0.86
190,98,PAWA,6,OL,G,T,7,0.86
191,98,PAWA,6,OL,G,T,7,0.86
192,99,YRWA,0.1,OL,G,T,,
193,99,YRWA,0,G,G,T,,
194,100,YRWA,0,G,G,L,,
195,100,YRWA,0,G,G,L,,
196,100,YRWA,0,G,G,L,,
197,100,YRWA,0,G,G,L,,
198,100,YRWA,0,,F,L,,
199,100,YRWA,0.2,L,H,L,,
200,101,YRWA,0,G,G,L,,
201,101,YRWA,0.2,,F,L,,
202,102,YRWA,7,OF,G,T,12,0.58
203,102,YRWA,6,UF,G,T,12,0.50
204,103,AMRE,0.5,,H,B,11,0.05
205,103,AMRE,1.5,OS,G,D,11,0.14
206,103,AMRE,1.5,UL,G,T,11,0.14
207,103,AMRE,1,T,G,T,11,0.09
208,104,NOPA,7,OL,H,T,13,0.54
209,105,BWVI,6,OL,G,T,12,0.50
210,106,CMWA,5,F,F,T,8,0.63
211,107,YRWA,5,OF,G,T,11,0.45
212,108,PRAW,5,OF,G,T,11,0.45
213,108,PRAW,5,OL,G,T,11,0.45
214,108,PRAW,5,OF,G,T,11,0.45
215,108,PRAW,5,OF,H,T,11,0.45
216,109,YRWA,6,UL,H,T,11,0.55
217,110,YRWA,0,G,S,T,11,0.00
218,111,PAWA,2,T,G,T,11,0.18
219,111,PAWA,0,G,S,T,11,0.00
220,112,NOPA,5,OL,G,T,7,0.71
221,112,NOPA,5,OL,G,T,7,0.71
222,112,NOPA,5,UL,G,T,7,0.71
223,113,YRWA,7,OL,H,T,12,0.58
224,113,YRWA,7,OL,H,T,12,0.58
225,114,BWVI,1.8,UL,G,B,6,0.30
226,115,BBTO,4.5,UL,H,T,10,0.45
227,116,BAWW,1,T,G,T,10,0.10
228,117,OVEN,0,G,G,G,17,0.00
229,118,YRWA,0.8,SW,H,T,14,0.06
230,118,YRWA,1.5,F,F,T,14,0.11
231,119,YRWA,0,G,G,G,14,0.00
232,120,YRWA,2.3,SW,S,S,14,0.16
233,121,YRWA,2,UL,G,T,14,0.14
234,122,YRWA,2,OL,G,T,14,0.14
235,123,YRWA,0,G,G,G,14,0.00
236,123,YRWA,0,G,G,G,14,0.00
237,124,YRWA,0,G,G,G,14,0.00
238,124,YRWA,0,G,G,G,14,0.00
239,125,YRWA,0.3,OL,H,,14,0.02
240,126,OVEN,0,G,G,G,12,0.00
241,126,OVEN,0,G,G,G,12,0.00
242,126,OVEN,0,G,G,G,12,0.00
243,126,OVEN,0,G,G,G,12,0.00
244,126,OVEN,0,G,G,G,12,0.00
245,127,OVEN,0,G,G,G,12,0.00
246,127,OVEN,0,G,G,G,12,0.00
247,128,YRWA,0,G,S,G,10,0.00
248,128,YRWA,4,OL,H,,10,0.40
249,128,YRWA,5,OF,G,,10,0.50
250,129,CMWA,6,OL,G,,10,0.60
251,129,CMWA,5,OL,H,,10,0.50
252,130,BBTO,8,OL,F,T,10,0.80
253,130,BBTO,7,OL,F,T,10,0.70
254,130,BBTO,7,OF,S,T,10,0.70
255,131,BBTO,5,OL,F,T,9,0.56
256,131,BBTO,4,OF,F,T,9,0.44
257,132,YRWA,3,OL,F,T,9,0.33
258,132,YRWA,4,OL,G,T,9,0.44
259,133,YRWA,5,OL,H,T,9,0.56
260,134,AMRE,6,UL,G,T,10,0.60
261,134,AMRE,6,OL,G,T,10,0.60
262,135,BBTO,6,OL,F,T,10,0.60
263,136,BWVI,5,OF,G,T,10,0.50
264,136,BWVI,6,OL,G,T,10,0.60
265,136,BWVI,6,Y,C,T,10,0.60
266,136,BWVI,6,Y,C,T,10,0.60
267,137,PRAW,4,OL,G,B,8,0.50
268,137,PRAW,3,OL,G,B,8,0.38
269,138,YRWA,5,OL,G,T,11,0.45
270,138,YRWA,5,OF,F,T,11,0.45
271,139,AMRE,5,OL,G,T,9,0.56
272,139,AMRE,5,OF,H,T,9,0.56
273,139,AMRE,4,OL,G,T,9,0.44
274,139,AMRE,4,UL,G,T,9,0.44
275,139,AMRE,5,OL,G,T,9,0.56
276,140,BAWW,3,T,G,T,9,0.33
277,140,BAWW,4,T,G,T,9,0.44
278,141,OVEN,0,G,G,T,10,0.00
279,141,OVEN,0,G,S,T,10,0.00
280,142,AMRE,2,OL,G,T,10,0.20
281,142,AMRE,4,OL,F,T,10,0.40
282,143,PRAW,2,OL,G,T,10,0.20
283,143,PRAW,3,OF,F,T,10,0.30
284,143,PRAW,3,OL,S,T,10,0.30
285,144,NOPA,7,OL,G,T,10,0.70
286,145,BBTO,4,OL,F,T,10,0.40
287,146,PAWA,2,OF,G,G,9,0.22
288,146,PAWA,3,OL,F,G,9,0.33
289,146,PAWA,2,OF,G,G,9,0.22
290,146,PAWA,0,G,G,G,9,0.00
291,148,BAWW,3,T,G,T,9,0.33
292,148,BAWW,5,T,G,T,9,0.56
293,149,CMWA,7,OF,F,T,12,0.58
294,149,CMWA,6,OL,H,T,12,0.50
295,149,CMWA,6,OL,G,T,12,0.50
296,149,CMWA,5,UL,G,T,12,0.42
297,150,CMWA,6,OL,H,T,12,0.50
298,150,CMWA,4,OL,G,T,12,0.33
299,150,CMWA,5,OL,G,T,12,0.42
300,150,CMWA,5,OL,H,T,12,0.42
301,151,YRWA,0,G,G,G,12,0.00
302,151,YRWA,2,OL,H,G,12,0.17
303,151,YRWA,3,OF,F,G,12,0.25
304,152,YRWA,2,OL,G,G,12,0.17
305,152,YRWA,0,OF,G,G,12,0.00
306,152,YRWA,0,G,G,G,12,0.00
307,153,PRAW,6,OL,G,T,11,0.55
308,154,CMWA,9,OL,G,T,10,0.90
309,154,CMWA,9,OF,G,T,10,0.90
310,154,CMWA,9,OL,G,T,10,0.90
311,154,CMWA,9,UL,G,T,10,0.90
312,154,CMWA,9,OF,G,T,10,0.90
313,154,CMWA,9,OL,G,T,10,0.90
314,154,CMWA,9,OL,G,T,10,0.90
315,156,PAWA,0.2,F,G,D,10,0.02
316,156,PAWA,0,G,G,L,10,0.00
317,156,PAWA,0,G,G,L,10,0.00
318,156,PAWA,0,G,G,L,10,0.00
319,156,PAWA,0.5,,F,,10,0.05
320,156,PAWA,0,,F,,10,0.00
321,157,PRAW,4,OL,G,T,8,0.50
322,157,PRAW,4,F,G,T,8,0.50
323,157,PRAW,4,OL,G,T,8,0.50
324,158,PAWA,0,G,G,G,5,0.00
325,158,PAWA,0,G,F,G,5,0.00
326,158,PAWA,0,OL,G,G,5,0.00
327,158,PAWA,0,UL,G,G,5,0.00
328,158,PAWA,0.1,G,H,GC,5,0.02
329,159,AMRE,4,UL,G,T,8,0.50
330,159,AMRE,4,UL,G,T,8,0.50
331,159,AMRE,3,UL,G,T,8,0.38
332,160,PAWA,0.5,,H,B,,
333,160,PAWA,0,G,G,L,,
334,160,PAWA,0,G,G,L,1,0.00
335,160,PAWA,0,G,G,L,1,0.00
336,160,PAWA,0,G,G,L,1,0.00
337,160,PAWA,0,G,G,L,1,
338,161,PAWA,1,OL,H,B,12,0.08
339,161,PAWA,0,G,G,L,12,0.00
340,161,PAWA,0,G,F,L,12,0.00
341,161,PAWA,0,G,G,L,12,0.00
342,162,YRWA,2,W,G,,12,0.17
343,163,PAWA,0,G,S,L,12,0.00
344,163,PAWA,0,G,S,L,12,0.00
345,163,PAWA,0,G,S,L,12,0.00
346,164,YRWA,6,OL,G,T,12,0.50
347,166,PRAW,5,OL,G,T,12,0.42
348,167,YRWA,0,G,K,G,9,0.00
349,167,YRWA,0,G,K,G,9,0.00
350,167,YRWA,0,G,K,G,9,0.00
351,167,YRWA,0,G,K,G,9,0.00
352,167,YRWA,0,G,K,G,9,0.00
353,168,YRWA,0.1,L,P,GC,,
354,168,YRWA,0.1,L,P,GC,,
355,168,YRWA,1,UL,G,GC,,
356,168,YRWA,1,UL,G,GC,,
357,168,YRWA,1,UL,G,GC,,
358,169,YRWA,4,OL,H,T,10,0.40
359,170,YRWA,4,OL,G,T,12,0.33
360,170,YRWA,4,T,G,T,12,0.33
361,171,YRWA,5,UL,G,T,12,0.42
362,171,YRWA,5,UL,G,T,12,0.42
363,172,YRWA,4,UF,G,T,12,0.33
364,173,PAWA,2,F,G,D,9,0.22
365,173,PAWA,2,F,G,D,9,0.22
366,174,PAWA,0,G,G,G,9,0.00
367,174,PAWA,0,G,G,G,9,0.00
368,174,PAWA,0,G,G,G,9,0.00
369,174,PAWA,0.3,UL,G,GC,9,0.03
370,174,PAWA,0.3,UL,G,GC,9,0.03
371,175,CMWA,6,F,G,T,16,0.38
372,175,CMWA,7,UL,G,T,16,0.44
373,175,CMWA,7,L,H,T,16,0.44
374,175,CMWA,7,L,S,T,16,0.44
375,175,CMWA,9,L,H,T,16,0.56
376,175,CMWA,9,L,H,T,16,0.56
377,175,CMWA,9,L,H,T,16,0.56
378,175,CMWA,9,L,H,T,16,0.56
379,176,CMWA,10,F,P,T,16,0.63
380,177,NOPA,6,UL,G,T,16,0.38
381,177,NOPA,9,L,H,T,16,0.56
382,177,NOPA,9,L,H,T,16,0.56
383,177,NOPA,9,L,H,T,16,0.56
384,178,PRAW,9,L,H,T,16,0.56
385,178,PRAW,9,L,H,T,16,0.56
386,178,PRAW,9,L,H,T,16,0.56
387,179,BWVI,6,OF,G,T,8,0.75
388,179,BWVI,6,UL,G,T,8,0.75
389,179,BWVI,6,B,G,T,8,0.75
390,179,BWVI,6,B,G,T,8,0.75
391,179,BWVI,6,B,G,T,8,0.75
392,179,YRWA,10,F,F,T,12,0.83
393,180,YRWA,0,G,G,L,13,0.00
394,180,YRWA,0,G,G,L,13,0.00
395,180,YRWA,0,G,G,L,13,0.00
396,180,YRWA,0,G,G,R,13,0.00
397,181,YRWA,0.1,F,H,B,13,0.01
398,181,YRWA,0.2,F,F,B,13,0.02
399,181,YRWA,0,G,G,R,13,0.00
400,182,AMRE,1,UL,H,T,12,0.08
401,182,AMRE,2,S,G,T,12,0.17
402,183,CMWA,8,OL,G,T,9,0.89
403,184,CMWA,3.5,W,D,T,10,0.35
404,184,CMWA,3.5,W,D,T,10,0.35
405,184,CMWA,3.5,W,D,T,10,0.35
406,184,CMWA,3.5,W,D,T,10,0.35
407,184,CMWA,3.5,F,G,T,10,0.35
408,185,YRWA,0.5,OF,G,B,6,0.08
409,186,CMWA,1.5,OF,G,B,13,0.12
410,186,CMWA,1.5,F,F,B,13,0.12
411,186,CMWA,1.5,L,H,B,13,0.12
412,186,CMWA,1.5,UL,G,B,13,0.12
413,186,CMWA,1.5,OL,G,S,13,0.12
414,187,NOPA,1,UL,G,S,13,0.08
415,187,NOPA,1,OL,G,S,13,0.08
416,188,CMWA,9,W,D,T,11,0.82
417,189,CMWA,9,OL,G,T,11,0.82
418,189,CMWA,9,OL,G,T,11,0.82
419,189,CMWA,9,OL,G,T,11,0.82
420,189,CMWA,9,OL,G,T,11,0.82
421,190,CMWA,6,OF,G,T,11,0.55
422,190,CMWA,6,UF,G,T,11,0.55
423,190,CMWA,6,F,F,T,11,0.55
424,191,CMWA,13,W,D,T,14,0.93
425,191,CMWA,13,W,D,T,14,0.93
426,191,CMWA,13,W,D,T,14,0.93
427,191,CMWA,13,W,D,T,14,0.93
428,191,CMWA,13,W,D,T,14,0.93
429,191,CMWA,13,W,D,T,14,0.93
430,191,CMWA,13,UL,G,T,14,0.93
431,191,CMWA,12,F,S,T,14,0.86
432,191,CMWA,12,OL,G,T,14,0.86
433,192,PRAW,2,OL,G,B,6,0.33
434,192,PRAW,2,OL,G,B,6,0.33
435,192,PRAW,2,UL,G,B,6,0.33
436,192,PRAW,2,UF,G,B,6,0.33
437,192,PRAW,2,OL,G,B,6,0.33
438,193,AMRE,6,OL,P,T,6,1.00
439,193,AMRE,6,UF,G,T,6,1.00
440,194,NOPA,7,OL,G,T,10,0.70
441,195,PRAW,3,OL,P,B,5,0.60
442,195,PRAW,3,OL,G,B,5,0.60
443,195,PRAW,3,UL,G,B,5,0.60
444,195,PRAW,4,UL,G,T,5,0.80
445,195,PRAW,4,OF,G,T,5,0.80
446,195,PRAW,4,OL,G,T,5,0.80
447,195,PRAW,4,OF,G,T,5,0.80
448,196,PRAW,4,F,F,T,5,0.80
449,197,NOPA,4,L,G,T,5,0.80
450,197,NOPA,4,OL,G,T,5,0.80
451,197,NOPA,4,UF,G,T,5,0.80
452,198,PRAW,3,UL,G,B,5,0.60
453,199,PRAW,4,OF,G,S,5,0.80
454,199,PRAW,4,F,G,S,5,0.80
455,199,PRAW,4,F,H,S,5,0.80
456,199,PRAW,4,OF,G,S,5,0.80
457,199,PRAW,4,F,F,S,5,0.80
458,200,PRAW,1,F,G,B,6,0.17
459,200,PRAW,4,OL,G,T,6,0.67
460,201,PRAW,2,OL,H,B,2,1.00
461,202,AMRE,0.5,L,H,B,2,0.25
462,202,AMRE,0.2,F,H,B,2,0.10
463,203,PRAW,3,UF,G,D,3,1.00
464,203,PRAW,3,UF,G,D,3,1.00
465,203,PRAW,3,OF,G,D,3,1.00
466,203,PRAW,3,OF,G,D,3,1.00
467,203,YRWA,0.1,L,G,V,,
468,203,YRWA,0.1,L,G,V,,
469,203,YRWA,0.1,L,G,V,,
470,204,YRWA,0,G,K,V,,
471,204,YRWA,0,G,K,V,,
472,204,YRWA,0.3,L,H,,,
473,205,YRWA,0.5,OL,G,GC,9,0.06
474,205,YRWA,0.1,F,G,GC,9,0.01
475,206,YRWA,0.2,OL,H,GC,9,0.02
476,206,YRWA,0.2,UL,G,GC,9,0.02
477,206,YRWA,0,G,K,V,9,0.00
478,207,YRWA,0,G,K,V,9,0.00
479,208,YRWA,1.5,SW,G,T,9,0.17
480,208,YRWA,1.5,SW,G,T,9,0.17
481,208,YRWA,1.5,SW,G,T,9,0.17
482,209,BWVI,8,OS,G,T,9,0.89
483,209,BWVI,7,Y,C,T,9,0.78
484,209,BWVI,7,Y,C,T,9,0.78
485,210,NOPA,8,OL,G,T,12,0.67
486,210,NOPA,7,OL,H,T,12,0.58
487,211,BBTO,7,OL,G,T,12,0.58
488,212,OVEN,1,D,G,D,12,0.08
489,212,OVEN,0,G,S,LL,12,0.00
490,214,BBTO,6,OL,F,T,12,0.50
491,214,BBTO,6,OL,F,T,12,0.50
492,215,BBTO,5,OF,F,T,12,0.42
493,216,BAWW,4,T,G,T,12,0.33
494,216,BAWW,6,T,G,T,12,0.50
495,216,BAWW,6,T,G,T,12,0.50
496,216,BAWW,5,OF,G,T,12,0.42
497,217,BWVI,5,OL,G,T,17,0.29
498,217,BWVI,6,OL,G,T,17,0.35
499,217,BWVI,6,Y,C,T,17,0.35
500,219,OVEN,1,D,G,D,15,0.07
501,219,OVEN,1,D,G,D,15,0.07
502,219,OVEN,1,D,G,D,15,0.07
503,219,OVEN,0,G,S,LL,15,0.00
504,219,OVEN,0,G,G,LL,15,0.00
505,220,BBTO,4,OL,F,T,8,0.50
506,221,BBTO,3,OL,F,T,8,0.38
507,221,BBTO,3,OF,F,T,8,0.38
508,222,CMWA,2,OL,G,S,7,0.29
509,223,CMWA,3,OF,G,T,6,0.50
510,223,CMWA,3,UL,G,T,6,0.50
511,223,CMWA,4,W,D,T,6,0.67
512,223,CMWA,4,W,D,T,6,0.67
513,224,CMWA,12.5,W,D,T,13,0.96
514,224,CMWA,12.5,W,D,T,13,0.96
515,224,CMWA,12.5,W,D,T,13,0.96
516,224,CMWA,12.5,W,D,T,13,0.96
517,224,CMWA,12.5,W,D,T,13,0.96
518,225,NOPA,4,,H,S,16,0.25
519,225,NOPA,4,UL,G,S,16,0.25
520,226,CMWA,9,UF,G,T,10,0.90
521,227,BWVI,7.5,Y,C,T,8,0.94
522,227,BWVI,7.5,Y,C,T,8,0.94
523,227,BWVI,7.5,Y,C,T,8,0.94
524,228,NOPA,3,,H,T,8,0.38
525,228,NOPA,3,SW,G,T,8,0.38
526,228,NOPA,3,UL,G,T,8,0.38
527,229,CMWA,4,UL,G,T,8,0.50
528,229,CMWA,4,UL ,G,T,8,0.50
529,229,CMWA,4,OL ,G,T,8,0.50
530,229,CMWA,4,OL ,G,T,8,0.50
531,229,CMWA,4,OL ,G,T,8,0.50
532,230,YRWA,0,G,G,G,6,0.00
533,231,YRWA,0,G,G,G,6,0.00
534,232,YRWA,0,G,G,G,6,0.00
535,233,YRWA,0,G,G,G,6,0.00
536,234,YRWA,0,G,G,G,6,0.00
537,235,YRWA,0,G,G,G,6,0.00
538,236,YRWA,5,F,G,G,12,0.42
539,237,YRWA,0.3,F,G,B,12,0.03
540,238,CMWA,6,F,G,T,12,0.50
541,238,CMWA,6,UL,H,T,12,0.50
542,239,CMWA,7,UL,H,T,12,0.58
543,239,CMWA,7,UL,G,T,12,0.58
544,240,CMWA,5,F,G,T,12,0.42
545,241,BWVI,4,UL,G,T,7,0.57
546,244,CMWA,3,OL,G,T,12,0.25
547,245,YRWA,8,UL,G,T,14,0.57
548,245,YRWA,8,OL,G,T,14,0.57
549,246,YRWA,0,G,F,G,15,0.00
550,246,YRWA,0,G,K,G,15,0.00
551,246,YRWA,0,G,F,G,15,0.00
552,246,YRWA,0,G,F,G,15,0.00
553,246,YRWA,0,G,F,G,15,0.00
554,246,YRWA,0,G,K,,15,0.00
555,246,YRWA,0,G,F,,15,0.00
556,247,PRAW,0,G,K,G,15,0.00
557,247,CMWA,5,UL,S,T,12,0.42
558,247,CMWA,5,OL,G,T,12,0.42
559,247,CMWA,6,OF,G,T,12,0.50
560,248,YRWA,1,UF,G,D,9,0.11
561,248,YRWA,0.3,OF,G,D,9,0.03
562,248,YRWA,3,OF,G,T,9,0.33
563,248,YRWA,2,OF,G,T,9,0.22
564,250,CMWA,7,UL,G,T,15,0.47
565,250,CMWA,7,OL,K,T,15,0.47
566,250,CMWA,8,OF,G,T,15,0.53
567,251,YRWA,12,OL,H,T,15,0.80
568,251,YRWA,11,OL,G,T,15,0.73
569,252,PRAW,6,OL,G,T,13,0.46
570,252,PRAW,6,OL,G,T,13,0.46
571,253,YRWA,0,G,K,R,10,0.00
572,253,YRWA,0,G,K,R,10,0.00
573,253,YRWA,0,G,K,R,10,0.00
574,253,YRWA,0,G,K,R,10,0.00
575,254,YRWA,0,G,K,R,10,0.00
576,254,YRWA,0,G,K,R,10,0.00
577,255,BWVI,11,OL,G,T,12,0.92
578,255,BWVI,11,OL,G,T,12,0.92
579,255,BWVI,11,OL,G,T,12,0.92
580,255,BWVI,11,OL,G,T,12,0.92
581,255,BWVI,11,OL,G,T,12,0.92
582,256,CMWA,4,UL,G,T,12,0.33
583,256,CMWA,4,UL,G,T,12,0.33
584,256,CMWA,4,UL,G,T,12,0.33
585,256,CMWA,5,OL,H,T,12,0.42
586,257,BWVI,4,OL,G,T,10,0.40
587,258,BBTO,2,L,H,S,8,0.25
588,258,BBTO,2,L,H,S,8,0.25
589,258,BBTO,3,F,F,S,8,0.38
590,259,BBTO,2.5,F,F,S,8,0.31
591,260,BWVI,6,Y,C,T,8,0.75
592,260,BWVI,6,Y,C,T,8,0.75
593,260,BWVI,6,Y,C,T,8,0.75
594,260,BWVI,6,Y,C,T,8,0.75
595,260,BWVI,6,Y,C,T,8,0.75
596,261,BWVI,7,Y,C,T,8,0.88
597,261,BWVI,7,Y,C,T,8,0.88
598,261,BWVI,7,Y,C,T,8,0.88
599,261,BWVI,7,Y,C,T,8,0.88
600,261,BWVI,7,Y,C,T,8,0.88
601,262,BWVI,8,OF,G,T,10,0.80
602,262,BWVI,5,OL,G,T,10,0.50
603,262,BWVI,5,UL,G,T,10,0.50
604,262,BWVI,5,UL,G,T,10,0.50
605,265,NOPA,8,F,G,S,10,0.80
606,265,NOPA,8,UL,G,S,10,0.80
607,265,NOPA,8,UF,G,S,10,0.80
608,265,NOPA,8,OF,G,S,10,0.80
609,266,AMRE,3,F,S,D,10,0.30
610,266,AMRE,3,SW,G,D,10,0.30
611,266,AMRE,3,L,H,T,10,0.30
612,266,AMRE,3,F,F,T,10,0.30
613,266,AMRE,4,F,F,T,10,0.40
614,267,PRAW,1.5,F,G,D,12,0.13
615,267,PRAW,1.5,F,G,D,12,0.13
616,267,PRAW,1.5,F,G,D,12,0.13
617,267,PRAW,1.5,F,G,D,12,0.13
618,267,PRAW,1.5,F,G,D,12,0.13
619,268,PRAW,5,OL,G,T,9,0.56
620,268,PRAW,5,OL,G,T,9,0.56
621,268,PRAW,5,UL,G,T,9,0.56
622,268,PRAW,6,OF,G,T,9,0.67
623,269,YRWA,4,OL,G,T,9,0.44
624,270,CMWA,7,OF,F,T,9,0.78
625,270,CMWA,7,OL,S,T,9,0.78
626,271,BAWW,5,T,G,T,9,0.56
627,271,BAWW,5,OF,G,T,9,0.56
628,271,BAWW,6,T,G,T,9,0.67
629,271,BAWW,6,OL,G,T,9,0.67
630,272,NOPA,4,OL,G,T,8,0.50
631,273,BAWW,5,T,G,T,8,0.63
632,273,BAWW,6,T,G,T,8,0.75
633,273,BAWW,7,OF,G,T,8,0.88
634,274,BBTO,4,OL,F,T,8,0.50
635,274,BBTO,4,OF,F,T,8,0.50
636,274,BBTO,5,OL,F,T,8,0.63
637,275,BWVI,7,OL,G,T,8,0.88
638,275,BWVI,7,UL,G,T,8,0.88
639,275,BWVI,7,OF,G,T,8,0.88
640,276,BWVI,6,Y,C,T,8,0.75
641,276,BWVI,7,OL,G,T,8,0.88
642,276,BWVI,6,OL,G,T,8,0.75
643,277,OVEN,1,D,G,D,8,0.13
644,277,OVEN,2,D,G,D,8,0.25
645,277,OVEN,0,LL,G,LL,8,0.00
646,278,OVEN,1,D,G,D,8,0.13
647,278,OVEN,1,D,G,D,8,0.13
648,278,OVEN,1,D,G,D,8,0.13
649,278,OVEN,1,D,S,D,8,0.13
650,279,BBTO,6,OL,F,T,9,0.67
651,279,BBTO,6,OL,F,T,9,0.67
652,279,BBTO,6,OL,F,T,9,0.67
653,280,NOPA,6,OL,G,T,9,0.67
654,281,BBTO,5,OF,F,T,9,0.56
655,281,BBTO,5,OL,F,T,9,0.56
656,281,BBTO,6,OF,S,T,9,0.67
657,282,NOPA,7,OL,G,T,9,0.78
658,282,NOPA,7,UL,G,T,9,0.78
659,283,CMWA,7,UL,G,T,9,0.78
660,283,CMWA,8,OL,G,T,9,0.89
661,284,CMWA,7,OL,H,T,9,0.78
662,285,BAWW,6,T,G,T,9,0.67
663,285,BAWW,6,T,G,T,9,0.67
664,285,BAWW,6,T,S,T,9,0.67
665,287,BWVI,4,OL,G,B,5,0.80
666,290,YRWA,0,G,S,G,,
667,290,YRWA,6,OL,G,T,12,0.50
668,291,YRWA,0,G,K,G,,